13,13,san,san,san@gmail.com
12,12,ni,ni,ni@gmail.com
11,11,ichi,ichi,ichi@gmail.com
14,14,yon,yon,yon@gmail.com
2,2,romar,romar,romar@gmail.com
9,9,kata,kata,kata@gmail.com
6,6,nani,nani,nani@gmail.com
7,7,itai,itai,itai@gmail.com
1,1,omar,omar,omar@email.com
5,5,hello,hello,hello@gmail.com
10,10,nakadash,nakadash,nakadash@gmail.com
8,8,yabe,yabe,yabe@gmail.com
4,4,hi,hi,hi@gemail.com
3,3,angelo,angelo,angelo@gmail.com
